<?xml version="1.0" encoding="UTF-8"?>
<metadata xml:lang="de"><Esri><CreaDate>20140822</CreaDate><CreaTime>17021700</CreaTime><ArcGISFormat>1.0</ArcGISFormat><SyncOnce>FALSE</SyncOnce><DataProperties><lineage><Process ToolSource="c:\program files (x86)\arcgis\desktop10.1\ArcToolbox\Toolboxes\Conversion Tools.tbx\RasterToPolygon" Date="20140331" Time="023759">RasterToPolygon C:\Users\Herfort\AppData\Local\Temp\ARCFAB7\Layers\catch C:\Users\Herfort\AppData\Local\Temp\arc8B05\AH20140331023752\AHTemp.gdb\tmpF107 NO_SIMPLIFY VALUE</Process><Process ToolSource="c:\program files (x86)\arcgis\desktop10.1\ArcToolbox\Toolboxes\Data Management Tools.tbx\Dissolve" Date="20140331" Time="023803">Dissolve C:\Users\Herfort\AppData\Local\Temp\arc8B05\AH20140331023752\AHTemp.gdb\tmpF107 C:\Users\Herfort\AppData\Local\Temp\arcFAB7\unbenannt.gdb\Layers\Catchment2 grid_code # MULTI_PART DISSOLVE_LINES</Process><Process ToolSource="c:\program files (x86)\arcgis\desktop10.1\ArcToolbox\Toolboxes\Data Management Tools.tbx\AddField" Date="20140331" Time="023803">AddField C:\Users\Herfort\AppData\Local\Temp\arcFAB7\unbenannt.gdb\Catchment2 HydroID LONG # # # HydroID NULLABLE NON_REQUIRED #</Process><Process ToolSource="c:\program files (x86)\arcgis\desktop10.1\ArcToolbox\Toolboxes\Data Management Tools.tbx\AddField" Date="20140331" Time="023804">AddField C:\Users\Herfort\AppData\Local\Temp\arcFAB7\unbenannt.gdb\Catchment2 GridID LONG # # # GridID NULLABLE NON_REQUIRED #</Process><Process ToolSource="c:\program files (x86)\arcgis\desktop10.1\ArcToolbox\Toolboxes\Arc Hydro Tools.tbx\AssignHydroID" Date="20140331" Time="023805">AssignHydroID C:\Users\Herfort\AppData\Local\Temp\arcFAB7\unbenannt.gdb\Layers\Catchment2 OVERWRITE_NO</Process><Process ToolSource="c:\program files (x86)\arcgis\desktop10.1\ArcToolbox\Toolboxes\Data Management Tools.tbx\CalculateField" Date="20140331" Time="023806">CalculateField C:\Users\Herfort\AppData\Local\Temp\arcFAB7\unbenannt.gdb\Layers\Catchment2 GridID !GRID_CODE! PYTHON #</Process><Process ToolSource="c:\program files (x86)\arcgis\desktop10.1\ArcToolbox\Toolboxes\Data Management Tools.tbx\DeleteField" Date="20140331" Time="023807">DeleteField C:\Users\Herfort\AppData\Local\Temp\arcFAB7\unbenannt.gdb\Layers\Catchment2 grid_code</Process><Process ToolSource="c:\program files (x86)\arcgis\desktop10.1\ArcToolbox\Toolboxes\Data Management Tools.tbx\AddIndex" Date="20140331" Time="023808">AddIndex C:\Users\Herfort\AppData\Local\Temp\arcFAB7\unbenannt.gdb\Layers\Catchment2 HydroID HydroID_Index NON_UNIQUE ASCENDING</Process><Process ToolSource="c:\program files (x86)\arcgis\desktop10.1\ArcToolbox\Toolboxes\Data Management Tools.tbx\AddIndex" Date="20140331" Time="023809">AddIndex C:\Users\Herfort\AppData\Local\Temp\arcFAB7\unbenannt.gdb\Layers\Catchment2 GridID GridID_Index NON_UNIQUE ASCENDING</Process><Process ToolSource="c:\program files (x86)\arcgis\desktop10.1\ArcToolbox\Toolboxes\Analysis Tools.tbx\SpatialJoin" Date="20140331" Time="034043">SpatialJoin catchment_ger pegel D:\Uni\_Hiwi\River_Elbe_Flood\GIS\catchments\sp_join.shp JOIN_ONE_TO_ONE KEEP_ALL "OBJECTID "OBJECTID" true true false 9 Long 0 9 ,First,#,D:\Uni\_Hiwi\River_Elbe_Flood\GIS\catchments\catchment_ger.shp,OBJECTID,-1,-1;Shape_Leng "Shape_Leng" true true false 19 Double 0 0 ,First,#,D:\Uni\_Hiwi\River_Elbe_Flood\GIS\catchments\catchment_ger.shp,Shape_Leng,-1,-1;Shape_Area "Shape_Area" true true false 19 Double 0 0 ,First,#,D:\Uni\_Hiwi\River_Elbe_Flood\GIS\catchments\catchment_ger.shp,Shape_Area,-1,-1;HydroID "HydroID" true true false 9 Long 0 9 ,First,#,D:\Uni\_Hiwi\River_Elbe_Flood\GIS\catchments\catchment_ger.shp,HydroID,-1,-1;GridID "GridID" true true false 9 Long 0 9 ,First,#,D:\Uni\_Hiwi\River_Elbe_Flood\GIS\catchments\catchment_ger.shp,GridID,-1,-1;water "water" true true false 254 Text 0 0 ,First,#,D:\Uni\_Hiwi\River_Elbe_Flood\GIS\pegel.shp,water,-1,-1;sev_08 "sev_08" true true false 4 Short 0 4 ,First,#,D:\Uni\_Hiwi\River_Elbe_Flood\GIS\pegel.shp,sev_08,-1,-1;sev_09 "sev_09" true true false 4 Short 0 4 ,First,#,D:\Uni\_Hiwi\River_Elbe_Flood\GIS\pegel.shp,sev_09,-1,-1;sev_10 "sev_10" true true false 4 Short 0 4 ,First,#,D:\Uni\_Hiwi\River_Elbe_Flood\GIS\pegel.shp,sev_10,-1,-1" INTERSECT # #</Process><Process ToolSource="c:\program files (x86)\arcgis\desktop10.1\ArcToolbox\Toolboxes\Data Management Tools.tbx\Project" Date="20140331" Time="143330">Project sp_join D:\Uni\_Hiwi\River_Elbe_Flood\GIS\catchments\sp_join_utm.shp PROJCS['WGS_1984_UTM_Zone_32N',GEOGCS['GCS_WGS_1984',DATUM['D_WGS_1984',SPHEROID['WGS_1984',6378137.0,298.257223563]],PRIMEM['Greenwich',0.0],UNIT['Degree',0.0174532925199433]],PROJECTION['Transverse_Mercator'],PARAMETER['False_Easting',500000.0],PARAMETER['False_Northing',0.0],PARAMETER['Central_Meridian',9.0],PARAMETER['Scale_Factor',0.9996],PARAMETER['Latitude_Of_Origin',0.0],UNIT['Meter',1.0]] # PROJCS['WGS_1984_Web_Mercator_Auxiliary_Sphere',GEOGCS['GCS_WGS_1984',DATUM['D_WGS_1984',SPHEROID['WGS_1984',6378137.0,298.257223563]],PRIMEM['Greenwich',0.0],UNIT['Degree',0.0174532925199433]],PROJECTION['Mercator_Auxiliary_Sphere'],PARAMETER['False_Easting',0.0],PARAMETER['False_Northing',0.0],PARAMETER['Central_Meridian',0.0],PARAMETER['Standard_Parallel_1',0.0],PARAMETER['Auxiliary_Sphere_Type',0.0],UNIT['Meter',1.0]]</Process><Process Name="Add Field" ToolSource="c:\program files (x86)\arcgis\desktop10.1\ArcToolbox\Toolboxes\Data Management Tools.tbx\AddField" Date="20140407" Time="144700">AddField catchments new LONG # # # # NULLABLE NON_REQUIRED #</Process><Process Name="Add Field (2)" ToolSource="c:\program files (x86)\arcgis\desktop10.1\ArcToolbox\Toolboxes\Data Management Tools.tbx\AddField" Date="20140407" Time="144700">AddField catchments new2 LONG # # # # NULLABLE NON_REQUIRED #</Process><Process Name="Calculate Field" ToolSource="c:\program files (x86)\arcgis\desktop10.1\ArcToolbox\Toolboxes\Data Management Tools.tbx\CalculateField" Date="20140407" Time="144700">CalculateField catchments new [sev_08] VB #</Process><Process Name="Calculate Field (2)" ToolSource="c:\program files (x86)\arcgis\desktop10.1\ArcToolbox\Toolboxes\Data Management Tools.tbx\CalculateField" Date="20140407" Time="144700">CalculateField catchments new2 [sev_09] VB #</Process><Process Name="Calculate Field (3)" ToolSource="c:\program files (x86)\arcgis\desktop10.1\ArcToolbox\Toolboxes\Data Management Tools.tbx\CalculateField" Date="20140407" Time="144700">CalculateField catchments sev_08 [new2] VB #</Process><Process Name="Calculate Field (4)" ToolSource="c:\program files (x86)\arcgis\desktop10.1\ArcToolbox\Toolboxes\Data Management Tools.tbx\CalculateField" Date="20140407" Time="144700">CalculateField catchments sev_09 [new] VB #</Process><Process Name="Delete Field" ToolSource="c:\program files (x86)\arcgis\desktop10.1\ArcToolbox\Toolboxes\Data Management Tools.tbx\DeleteField" Date="20140407" Time="144701">DeleteField catchments new;new2</Process><Process ToolSource="c:\program files (x86)\arcgis\desktop10.1\ArcToolbox\Toolboxes\Conversion Tools.tbx\FeatureClassToFeatureClass" Date="20140517" Time="202906">FeatureClassToFeatureClass catchments D:\Uni\_Hiwi\River_Elbe_Flood\GIS\final\final.gdb catchments_f # "Join_Count "Join_Count" true true false 9 Long 0 9 ,First,#,D:\Uni\_Hiwi\River_Elbe_Flood\GIS\final\catchments.shp,Join_Count,-1,-1;TARGET_FID "TARGET_FID" true true false 9 Long 0 9 ,First,#,D:\Uni\_Hiwi\River_Elbe_Flood\GIS\final\catchments.shp,TARGET_FID,-1,-1;OBJECTID "OBJECTID" true true false 9 Long 0 9 ,First,#,D:\Uni\_Hiwi\River_Elbe_Flood\GIS\final\catchments.shp,OBJECTID,-1,-1;sev_08 "sev_08" true true false 4 Short 0 4 ,First,#,D:\Uni\_Hiwi\River_Elbe_Flood\GIS\final\catchments.shp,sev_08,-1,-1;sev_09 "sev_09" true true false 4 Short 0 4 ,First,#,D:\Uni\_Hiwi\River_Elbe_Flood\GIS\final\catchments.shp,sev_09,-1,-1;sev_10 "sev_10" true true false 4 Short 0 4 ,First,#,D:\Uni\_Hiwi\River_Elbe_Flood\GIS\final\catchments.shp,sev_10,-1,-1" #</Process><Process Name="Join Field" ToolSource="c:\program files (x86)\arcgis\desktop10.1\ArcToolbox\Toolboxes\Data Management Tools.tbx\JoinField" Date="20140517" Time="212402">JoinField catchments_f OBJECTID_1 D:\Uni\_Hiwi\River_Elbe_Flood\GIS\final\final.gdb\tweets_final_f_Select_Statis NEAR_FID FREQUENCY;SUM_count</Process><Process Name="Join Field" ToolSource="c:\program files (x86)\arcgis\desktop10.1\ArcToolbox\Toolboxes\Data Management Tools.tbx\JoinField" Date="20140517" Time="214024">JoinField catchments_f OBJECTID_1 C:\Users\Herfort\Documents\ArcGIS\Default.gdb\tweets_final_f_Select_Statis NEAR_FID FREQUENCY;SUM_count</Process><Process Name="Join Field" ToolSource="c:\program files (x86)\arcgis\desktop10.1\ArcToolbox\Toolboxes\Data Management Tools.tbx\JoinField" Date="20140517" Time="215519">JoinField catchments_f OBJECTID_1 C:\Users\Herfort\Documents\ArcGIS\Default.gdb\tweets_final_f_Select_Statis NEAR_FID FREQUENCY;SUM_count</Process><Process Name="Join Field" ToolSource="c:\program files (x86)\arcgis\desktop10.1\ArcToolbox\Toolboxes\Data Management Tools.tbx\JoinField" Date="20140518" Time="135052">JoinField catchments_f OBJECTID_1 C:\Users\Herfort\Documents\ArcGIS\Default.gdb\tweets_final_f_Select_Select1 NEAR_FID FREQUENCY;SUM_count</Process><Process Name="Join Field" ToolSource="c:\program files (x86)\arcgis\desktop10.1\ArcToolbox\Toolboxes\Data Management Tools.tbx\JoinField" Date="20140518" Time="135245">JoinField catchments_f OBJECTID_1 C:\Users\Herfort\Documents\ArcGIS\Default.gdb\tweets_final_f_Select_Select1 NEAR_FID FREQUENCY;SUM_count</Process><Process Name="Join Field" ToolSource="c:\program files (x86)\arcgis\desktop10.1\ArcToolbox\Toolboxes\Data Management Tools.tbx\JoinField" Date="20140518" Time="135321">JoinField catchments_f OBJECTID_1 C:\Users\Herfort\Documents\ArcGIS\Default.gdb\tweets_final_f_Select_Select1 NEAR_FID FREQUENCY;SUM_count</Process><Process Name="Join Field" ToolSource="c:\program files (x86)\arcgis\desktop10.1\ArcToolbox\Toolboxes\Data Management Tools.tbx\JoinField" Date="20140518" Time="135456">JoinField catchments_f OBJECTID_1 C:\Users\Herfort\Documents\ArcGIS\Default.gdb\tweets_final_f_Select_Select1 NEAR_FID FREQUENCY;SUM_count</Process><Process Name="Join Field" ToolSource="c:\program files (x86)\arcgis\desktop10.1\ArcToolbox\Toolboxes\Data Management Tools.tbx\JoinField" Date="20140518" Time="135525">JoinField catchments_f OBJECTID_1 C:\Users\Herfort\Documents\ArcGIS\Default.gdb\tweets_final_f_Select_Select1 NEAR_FID FREQUENCY;SUM_count</Process><Process Name="Join Field" ToolSource="c:\program files (x86)\arcgis\desktop10.1\ArcToolbox\Toolboxes\Data Management Tools.tbx\JoinField" Date="20140518" Time="135550">JoinField catchments_f OBJECTID_1 C:\Users\Herfort\Documents\ArcGIS\Default.gdb\tweets_final_f_Select_Select1 NEAR_FID FREQUENCY;SUM_count</Process><Process Name="Join Field" ToolSource="c:\program files (x86)\arcgis\desktop10.1\ArcToolbox\Toolboxes\Data Management Tools.tbx\JoinField" Date="20140518" Time="135615">JoinField catchments_f OBJECTID_1 C:\Users\Herfort\Documents\ArcGIS\Default.gdb\tweets_final_f_Select_Select1 NEAR_FID FREQUENCY;SUM_count</Process><Process Name="Join Field" ToolSource="c:\program files (x86)\arcgis\desktop10.1\ArcToolbox\Toolboxes\Data Management Tools.tbx\JoinField" Date="20140518" Time="135650">JoinField catchments_f OBJECTID_1 C:\Users\Herfort\Documents\ArcGIS\Default.gdb\tweets_final_f_Select_Select1 NEAR_FID FREQUENCY;SUM_count</Process><Process Name="Join Field" ToolSource="c:\program files (x86)\arcgis\desktop10.1\ArcToolbox\Toolboxes\Data Management Tools.tbx\JoinField" Date="20140518" Time="135713">JoinField catchments_f OBJECTID_1 C:\Users\Herfort\Documents\ArcGIS\Default.gdb\tweets_final_f_Select_Select1 NEAR_FID FREQUENCY;SUM_count</Process><Process Name="Join Field" ToolSource="c:\program files (x86)\arcgis\desktop10.1\ArcToolbox\Toolboxes\Data Management Tools.tbx\JoinField" Date="20140518" Time="135802">JoinField catchments_f OBJECTID_1 C:\Users\Herfort\Documents\ArcGIS\Default.gdb\tweets_final_f_Select_Select1 NEAR_FID FREQUENCY;SUM_count</Process><Process ToolSource="c:\program files (x86)\arcgis\desktop10.1\ArcToolbox\Toolboxes\Data Management Tools.tbx\CalculateField" Date="20140518" Time="232739">CalculateField catchments_f all_tweets [SUM_count] VB #</Process><Process ToolSource="c:\program files (x86)\arcgis\desktop10.1\ArcToolbox\Toolboxes\Data Management Tools.tbx\CalculateField" Date="20140518" Time="232825">CalculateField catchments_f off_topic [SUM_count_1] VB #</Process><Process ToolSource="c:\program files (x86)\arcgis\desktop10.1\ArcToolbox\Toolboxes\Data Management Tools.tbx\CalculateField" Date="20140518" Time="232910">CalculateField catchments_f off_topic "0 + [SUM_count_1]" VB #</Process><Process ToolSource="c:\program files (x86)\arcgis\desktop10.1\ArcToolbox\Toolboxes\Data Management Tools.tbx\CalculateField" Date="20140518" Time="232945">CalculateField catchments_f on_topic_nr [SUM_count_12] VB #</Process><Process ToolSource="c:\program files (x86)\arcgis\desktop10.1\ArcToolbox\Toolboxes\Data Management Tools.tbx\CalculateField" Date="20140518" Time="233108">CalculateField catchments_f off_topic [SUM_count_12] VB #</Process><Process ToolSource="c:\program files (x86)\arcgis\desktop10.1\ArcToolbox\Toolboxes\Data Management Tools.tbx\CalculateField" Date="20140518" Time="233639">CalculateField catchments_f off_topic [SUM_count_12] VB #</Process><Process ToolSource="c:\program files (x86)\arcgis\desktop10.1\ArcToolbox\Toolboxes\Data Management Tools.tbx\CalculateField" Date="20140518" Time="233712">CalculateField catchments_f on_topic_nr [SUM_count_1] VB #</Process><Process ToolSource="c:\program files (x86)\arcgis\desktop10.1\ArcToolbox\Toolboxes\Data Management Tools.tbx\CalculateField" Date="20140518" Time="233749">CalculateField catchments_f on_topic_r [SUM_count_12_13] VB #</Process><Process ToolSource="c:\program files (x86)\arcgis\desktop10.1\ArcToolbox\Toolboxes\Data Management Tools.tbx\CalculateField" Date="20140518" Time="233828">CalculateField catchments_f va [SUM_count_12_13_14] VB #</Process><Process ToolSource="c:\program files (x86)\arcgis\desktop10.1\ArcToolbox\Toolboxes\Data Management Tools.tbx\CalculateField" Date="20140518" Time="233852">CalculateField catchments_f me [SUM_count_12_13_14_15] VB #</Process><Process ToolSource="c:\program files (x86)\arcgis\desktop10.1\ArcToolbox\Toolboxes\Data Management Tools.tbx\CalculateField" Date="20140518" Time="233908">CalculateField catchments_f tc [SUM_count_12_13_14_15_16] VB #</Process><Process ToolSource="c:\program files (x86)\arcgis\desktop10.1\ArcToolbox\Toolboxes\Data Management Tools.tbx\CalculateField" Date="20140518" Time="233917">CalculateField catchments_f fl [SUM_count_12_13_14_15_16_17] VB #</Process><Process ToolSource="c:\program files (x86)\arcgis\desktop10.1\ArcToolbox\Toolboxes\Data Management Tools.tbx\CalculateField" Date="20140518" Time="233934">CalculateField catchments_f oa [SUM_count_12_13_14_15_16_17_18] VB #</Process><Process ToolSource="c:\program files (x86)\arcgis\desktop10.1\ArcToolbox\Toolboxes\Data Management Tools.tbx\CalculateField" Date="20140518" Time="233943">CalculateField catchments_f infra [SUM_count_12_13_14_15_16_17_18_19] VB #</Process><Process ToolSource="c:\program files (x86)\arcgis\desktop10.1\ArcToolbox\Toolboxes\Data Management Tools.tbx\CalculateField" Date="20140518" Time="233952">CalculateField catchments_f other [SUM_count_12_13_14_15_16_17_18_19_20] VB #</Process><Process ToolSource="c:\program files (x86)\arcgis\desktop10.1\ArcToolbox\Toolboxes\Data Management Tools.tbx\DeleteField" Date="20140518" Time="234110">DeleteField catchments_f SUM_count;SUM_count_12;SUM_count_1;SUM_count_12_13;SUM_count_12_13_14;SUM_count_12_13_14_15;SUM_count_12_13_14_15_16;SUM_count_12_13_14_15_16_17;SUM_count_12_13_14_15_16_17_18_19</Process><Process ToolSource="c:\program files (x86)\arcgis\desktop10.1\ArcToolbox\Toolboxes\Data Management Tools.tbx\CalculateField" Date="20140518" Time="234222">CalculateField catchments_f av_sev "( [sev_08] + [sev_09] + [sev_10]) /3" VB #</Process><Process Name="Join Field" ToolSource="c:\program files (x86)\arcgis\desktop10.1\ArcToolbox\Toolboxes\Data Management Tools.tbx\JoinField" Date="20140519" Time="021540">JoinField catchments_f OBJECTID_1 D:\Uni\_Hiwi\River_Elbe_Flood\GIS\final\final.gdb\tweets_final_f_Select_Select1 NEAR_FID FREQUENCY;SUM_count</Process><Process ToolSource="c:\program files (x86)\arcgis\desktop10.1\ArcToolbox\Toolboxes\Data Management Tools.tbx\CalculateField" Date="20140519" Time="153634">CalculateField catchments_f sev_08 null VB #</Process><Process ToolSource="c:\program files (x86)\arcgis\desktop10.1\ArcToolbox\Toolboxes\Data Management Tools.tbx\CalculateField" Date="20140519" Time="153644">CalculateField catchments_f sev_09 null VB #</Process><Process ToolSource="c:\program files (x86)\arcgis\desktop10.1\ArcToolbox\Toolboxes\Data Management Tools.tbx\CalculateField" Date="20140519" Time="153653">CalculateField catchments_f sev_10 null VB #</Process></lineage><itemProps><itemName Sync="TRUE">catchments_f</itemName><imsContentType Sync="TRUE">002</imsContentType><itemLocation><linkage Sync="TRUE">file://\\B-VAIO\D$\Uni\_Hiwi\River_Elbe_Flood\Daten\GIS\final.gdb</linkage><protocol Sync="TRUE">Local Area Network</protocol></itemLocation><itemSize Sync="TRUE">0.000</itemSize></itemProps><coordRef><type Sync="TRUE">Projected</type><geogcsn Sync="TRUE">GCS_WGS_1984</geogcsn><csUnits Sync="TRUE">Linear Unit: Meter (1.000000)</csUnits><projcsn Sync="TRUE">WGS_1984_UTM_Zone_32N</projcsn><peXml Sync="TRUE">&lt;ProjectedCoordinateSystem xsi:type='typens:ProjectedCoordinateSystem' xmlns:xsi='http://www.w3.org/2001/XMLSchema-instance' xmlns:xs='http://www.w3.org/2001/XMLSchema' xmlns:typens='http://www.esri.com/schemas/ArcGIS/10.1'&gt;&lt;WKT&gt;PROJCS[&amp;quot;WGS_1984_UTM_Zone_32N&amp;quot;,GEOGCS[&amp;quot;GCS_WGS_1984&amp;quot;,DATUM[&amp;quot;D_WGS_1984&amp;quot;,SPHEROID[&amp;quot;WGS_1984&amp;quot;,6378137.0,298.257223563]],PRIMEM[&amp;quot;Greenwich&amp;quot;,0.0],UNIT[&amp;quot;Degree&amp;quot;,0.0174532925199433]],PROJECTION[&amp;quot;Transverse_Mercator&amp;quot;],PARAMETER[&amp;quot;False_Easting&amp;quot;,500000.0],PARAMETER[&amp;quot;False_Northing&amp;quot;,0.0],PARAMETER[&amp;quot;Central_Meridian&amp;quot;,9.0],PARAMETER[&amp;quot;Scale_Factor&amp;quot;,0.9996],PARAMETER[&amp;quot;Latitude_Of_Origin&amp;quot;,0.0],UNIT[&amp;quot;Meter&amp;quot;,1.0],AUTHORITY[&amp;quot;EPSG&amp;quot;,32632]]&lt;/WKT&gt;&lt;XOrigin&gt;-5120900&lt;/XOrigin&gt;&lt;YOrigin&gt;-9998100&lt;/YOrigin&gt;&lt;XYScale&gt;10000&lt;/XYScale&gt;&lt;ZOrigin&gt;-100000&lt;/ZOrigin&gt;&lt;ZScale&gt;10000&lt;/ZScale&gt;&lt;MOrigin&gt;-100000&lt;/MOrigin&gt;&lt;MScale&gt;10000&lt;/MScale&gt;&lt;XYTolerance&gt;0.001&lt;/XYTolerance&gt;&lt;ZTolerance&gt;0.001&lt;/ZTolerance&gt;&lt;MTolerance&gt;0.001&lt;/MTolerance&gt;&lt;HighPrecision&gt;true&lt;/HighPrecision&gt;&lt;WKID&gt;32632&lt;/WKID&gt;&lt;LatestWKID&gt;32632&lt;/LatestWKID&gt;&lt;/ProjectedCoordinateSystem&gt;</peXml></coordRef></DataProperties><SyncDate>20140517</SyncDate><SyncTime>20290600</SyncTime><ModDate>20140517</ModDate><ModTime>20290600</ModTime></Esri><dataIdInfo><envirDesc Sync="TRUE">Microsoft Windows 7 Version 6.1 (Build 7601) Service Pack 1; Esri ArcGIS 10.1.0.3035</envirDesc><dataLang><languageCode value="deu" Sync="TRUE"></languageCode><countryCode value="DEU" Sync="TRUE"></countryCode></dataLang><idCitation><resTitle Sync="TRUE">catchments_f</resTitle><presForm><PresFormCd value="005" Sync="TRUE"></PresFormCd></presForm></idCitation><spatRpType><SpatRepTypCd value="001" Sync="TRUE"></SpatRepTypCd></spatRpType></dataIdInfo><mdLang><languageCode value="deu" Sync="TRUE"></languageCode><countryCode value="DEU" Sync="TRUE"></countryCode></mdLang><distInfo><distFormat><formatName Sync="TRUE">File Geodatabase Feature Class</formatName></distFormat><distTranOps><transSize Sync="TRUE">0.000</transSize></distTranOps></distInfo><mdHrLv><ScopeCd value="005" Sync="TRUE"></ScopeCd></mdHrLv><mdHrLvName Sync="TRUE">dataset</mdHrLvName><refSysInfo><RefSystem><refSysID><identCode code="3857" Sync="TRUE" value="32632"></identCode><idCodeSpace Sync="TRUE">EPSG</idCodeSpace><idVersion Sync="TRUE">7.9.4</idVersion></refSysID></RefSystem></refSysInfo><spatRepInfo><VectSpatRep><geometObjs Name="catchments_f"><geoObjTyp><GeoObjTypCd value="002" Sync="TRUE"></GeoObjTypCd></geoObjTyp><geoObjCnt Sync="TRUE">0</geoObjCnt></geometObjs><topLvl><TopoLevCd value="001" Sync="TRUE"></TopoLevCd></topLvl></VectSpatRep></spatRepInfo><spdoinfo><ptvctinf><esriterm Name="catchments_f"><efeatyp Sync="TRUE">Simple</efeatyp><efeageom code="4" Sync="TRUE"></efeageom><esritopo Sync="TRUE">FALSE</esritopo><efeacnt Sync="TRUE">0</efeacnt><spindex Sync="TRUE">TRUE</spindex><linrefer Sync="TRUE">FALSE</linrefer></esriterm></ptvctinf></spdoinfo><eainfo><detailed Name="catchments_f"><enttyp><enttypl Sync="TRUE">catchments_f</enttypl><enttypt Sync="TRUE">Feature Class</enttypt><enttypc Sync="TRUE">0</enttypc></enttyp><attr><attrlabl Sync="TRUE">OBJECTID_1</attrlabl><attalias Sync="TRUE">OBJECTID_1</attalias><attrtype Sync="TRUE">OID</attrtype><attwidth Sync="TRUE">4</attwidth><atprecis Sync="TRUE">0</atprecis><attscale Sync="TRUE">0</attscale><attrdef Sync="TRUE">Internal feature number.</attrdef><attrdefs Sync="TRUE">Esri</attrdefs><attrdomv><udom Sync="TRUE">Sequential unique whole numbers that are automatically generated.</udom></attrdomv></attr><attr><attrlabl Sync="TRUE">OBJECTID</attrlabl><attalias Sync="TRUE">OBJECTID</attalias><attrtype Sync="TRUE">Integer</attrtype><attwidth Sync="TRUE">4</attwidth><atprecis Sync="TRUE">0</atprecis><attscale Sync="TRUE">0</attscale><attrdef Sync="TRUE">Internal feature number.</attrdef><attrdefs Sync="TRUE">Esri</attrdefs><attrdomv><udom Sync="TRUE">Sequential unique whole numbers that are automatically generated.</udom></attrdomv></attr><attr><attrlabl Sync="TRUE">Join_Count</attrlabl><attalias Sync="TRUE">Join_Count</attalias><attrtype Sync="TRUE">Integer</attrtype><attwidth Sync="TRUE">4</attwidth><atprecis Sync="TRUE">0</atprecis><attscale Sync="TRUE">0</attscale></attr><attr><attrlabl Sync="TRUE">TARGET_FID</attrlabl><attalias Sync="TRUE">TARGET_FID</attalias><attrtype Sync="TRUE">Integer</attrtype><attwidth Sync="TRUE">4</attwidth><atprecis Sync="TRUE">0</atprecis><attscale Sync="TRUE">0</attscale></attr><attr><attrlabl Sync="TRUE">Shape</attrlabl><attalias Sync="TRUE">Shape</attalias><attrtype Sync="TRUE">Geometry</attrtype><attwidth Sync="TRUE">0</attwidth><atprecis Sync="TRUE">0</atprecis><attscale Sync="TRUE">0</attscale><attrdef Sync="TRUE">Feature geometry.</attrdef><attrdefs Sync="TRUE">Esri</attrdefs><attrdomv><udom Sync="TRUE">Coordinates defining the features.</udom></attrdomv></attr><attr><attrlabl Sync="TRUE">Shape_Area</attrlabl><attalias Sync="TRUE">Shape_Area</attalias><attrtype Sync="TRUE">Double</attrtype><attwidth Sync="TRUE">8</attwidth><atprecis Sync="TRUE">0</atprecis><attscale Sync="TRUE">0</attscale><attrdef Sync="TRUE">Area of feature in internal units squared.</attrdef><attrdefs Sync="TRUE">Esri</attrdefs><attrdomv><udom Sync="TRUE">Positive real numbers that are automatically generated.</udom></attrdomv></attr><attr><attrlabl Sync="TRUE">sev_08</attrlabl><attalias Sync="TRUE">sev_08</attalias><attrtype Sync="TRUE">SmallInteger</attrtype><attwidth Sync="TRUE">2</attwidth><atprecis Sync="TRUE">0</atprecis><attscale Sync="TRUE">0</attscale></attr><attr><attrlabl Sync="TRUE">sev_09</attrlabl><attalias Sync="TRUE">sev_09</attalias><attrtype Sync="TRUE">SmallInteger</attrtype><attwidth Sync="TRUE">2</attwidth><atprecis Sync="TRUE">0</atprecis><attscale Sync="TRUE">0</attscale></attr><attr><attrlabl Sync="TRUE">Shape_Length</attrlabl><attalias Sync="TRUE">Shape_Length</attalias><attrtype Sync="TRUE">Double</attrtype><attwidth Sync="TRUE">8</attwidth><atprecis Sync="TRUE">0</atprecis><attscale Sync="TRUE">0</attscale><attrdef Sync="TRUE">Length of feature in internal units.</attrdef><attrdefs Sync="TRUE">Esri</attrdefs><attrdomv><udom Sync="TRUE">Positive real numbers that are automatically generated.</udom></attrdomv></attr><attr><attrlabl Sync="TRUE">sev_10</attrlabl><attalias Sync="TRUE">sev_10</attalias><attrtype Sync="TRUE">SmallInteger</attrtype><attwidth Sync="TRUE">2</attwidth><atprecis Sync="TRUE">0</atprecis><attscale Sync="TRUE">0</attscale></attr></detailed></eainfo><mdDateSt Sync="TRUE">20140517</mdDateSt><mdChar><CharSetCd value="004" Sync="TRUE"></CharSetCd></mdChar></metadata>
